,Date,Minimum temperature (째C),Maximum temperature (째C),Rainfall (mm),Evaporation (mm),Sunshine (hours),Direction of maximum wind gust ,Speed of maximum wind gust (km/h),Time of maximum wind gust,9am Temperature (째C),9am relative humidity (%),9am cloud amount (oktas),9am wind direction,9am wind speed (km/h),9am MSL pressure (hPa),3pm Temperature (째C),3pm relative humidity (%),3pm cloud amount (oktas),3pm wind direction,3pm wind speed (km/h),3pm MSL pressure (hPa),TOTALDEMAND,PRICECATEGORY
0,2021-01-01,15.6,29.9,0.0,2.8,9.3,22.5,31.0,13:14,19.2,77.0,6,0.0,2,1018.8,28.1,43,5.0,90.0,13,1015.3,5019.64,0
1,2021-02-01,18.4,29.0,0.0,9.4,1.3,337.5,30.0,8:22,23.3,52.0,7,337.5,17,1013.3,28.7,38,7.0,225.0,4,1008.5,4964.35,0
2,2021-03-01,17.0,26.2,12.6,4.8,7.1,247.5,33.0,17:55,18.3,100.0,8,247.5,4,1007.7,23.5,59,4.0,202.5,2,1005.2,4503.31,0
3,2021-04-01,16.0,18.6,2.6,3.8,0.0,157.5,41.0,16:03,16.2,98.0,8,157.5,11,1010.0,18.2,82,8.0,202.5,17,1011.0,4764.18,0
4,2021-05-01,15.9,19.1,11.2,1.0,0.0,157.5,35.0,11:02,17.2,96.0,8,157.5,13,1012.5,18.2,82,8.0,157.5,19,1013.3,4800.64,0
5,2021-06-01,13.7,19.2,1.2,1.0,3.2,180.0,35.0,14:56,15.2,72.0,7,180.0,11,1020.0,18.1,63,7.0,202.5,17,1020.0,4691.13,0
6,2021-07-01,14.7,25.7,0.0,3.6,12.1,157.5,44.0,13:21,18.6,70.0,4,157.5,13,1023.9,24.3,46,4.0,157.5,20,1022.0,4994.78,0
7,2021-08-01,12.7,24.3,0.0,9.8,13.1,202.5,31.0,15:04,18.6,59.0,1,45.0,6,1024.8,23.1,53,1.0,202.5,11,1022.2,5365.19,1
8,2021-09-01,14.2,27.9,0.0,7.0,12.9,337.5,30.0,9:46,19.7,69.0,1,22.5,11,1022.0,24.4,59,2.0,202.5,11,1019.3,5863.37,1
9,2021-10-01,16.9,33.5,0.0,8.0,9.6,90.0,24.0,19:16,19.3,85.0,8,22.5,6,1020.4,26.7,60,1.0,225.0,11,1015.9,6859.02,1
10,2021-11-01,19.2,36.7,0.0,10.8,9.8,0.0,52.0,14:55,29.4,32.0,2,22.5,15,1012.3,35.2,21,7.0,0.0,20,1008.5,8182.55,1
11,2021-12-01,18.3,21.6,0.0,13.6,7.7,202.5,41.0,15:01,18.7,69.0,8,180.0,13,1016.3,20.1,60,1.0,202.5,17,1015.8,5349.3,1
12,2021-01-13,14.5,27.0,0.0,6.2,7.5,270.0,41.0,21:58,17.9,66.0,3,112.5,4,1013.5,25.7,52,7.0,247.5,6,1008.4,6522.49,1
13,2021-01-14,15.0,22.2,0.0,7.0,8.0,270.0,31.0,23:23,16.6,77.0,7,225.0,7,1013.9,20.6,46,6.0,202.5,9,1013.1,5257.95,1
14,2021-01-15,13.2,20.6,0.0,7.0,7.9,247.5,50.0,14:49,16.4,53.0,4,315.0,9,1009.0,16.6,46,7.0,292.5,13,1009.0,4742.85,1
16,2021-01-17,12.9,20.2,0.0,5.6,10.7,202.5,30.0,12:19,15.0,62.0,7,247.5,13,1018.9,19.2,49,6.0,180.0,13,1018.2,4473.05,1
17,2021-01-18,14.1,22.6,0.0,5.6,9.0,202.5,39.0,15:53,15.9,76.0,7,247.5,9,1018.1,20.6,58,2.0,180.0,19,1016.2,4895.82,0
18,2021-01-19,14.2,18.9,0.0,8.0,9.9,180.0,41.0,13:57,15.8,52.0,7,157.5,15,1023.5,17.7,50,1.0,180.0,19,1023.7,4816.53,0
19,2021-01-20,10.3,22.6,0.0,8.0,13.0,202.5,33.0,15:22,16.4,53.0,1,135.0,11,1024.2,20.9,51,0.0,202.5,15,1020.2,5291.48,1
20,2021-01-21,12.7,31.6,0.0,7.6,12.5,202.5,22.0,11:59,16.8,73.0,7,0.0,11,1016.3,29.6,37,5.0,225.0,7,1010.3,7046.57,1
21,2021-01-22,15.8,25.0,0.0,9.0,11.4,180.0,35.0,16:47,20.2,52.0,7,180.0,11,1009.7,23.3,59,3.0,202.5,13,1009.9,5954.97,1
22,2021-01-23,14.7,26.7,0.0,7.4,11.6,180.0,30.0,14:42,18.3,72.0,2, ,9,1013.1,22.7,63,0.0,225.0,13,1010.9,6220.45,1
23,2021-01-24,16.1,37.8,0.0,8.8,8.1,202.5,17.0,14:58,22.5,67.0,1,72.5,6,1010.9,33.6,37,7.0,202.5,6,1007.0,8050.72,1
24,2021-01-25,22.2,39.2,0.0,13.8,3.5,270.0,54.0,15:37,30.9,25.0,5,0.0,13,1001.3,26.6,47,7.0,247.5,11,999.6,8196.83,1
25,2021-01-26,17.7,19.3,10.6,8.6,0.1,202.5,35.0,13:20,17.7,100.0,8,202.5,13,1002.3,18.3,71,8.0,202.5,17,1006.2,5035.74,1
26,2021-01-27,14.3,25.8,0.4,3.6,11.1,112.5,43.0,19:43,15.5,52.0,7,157.5,15,1016.5,23.4,37,1.0,157.5,19,1014.8,5221.53,0
27,2021-01-28,15.4,25.5,0.0,8.0,1.1,135.0,20.0,23:06,20.5,58.0,7,157.5,4,1017.3,24.8,53,8.0,135.0,7,1015.1,5398.66,0
28,2021-01-29,18.9,21.6,3.6,4.8,0.1,0.0,31.0,13:00,18.9,92.0,8,22.5,6,1011.9,20.1,92,8.0,0.0,13,1009.1,5737.11,1
29,2021-01-30,16.7,21.9,43.2,3.6,4.5,180.0,33.0,16:34,17.9,74.0,5,247.5,7,1012.4,19.7,71,6.0,180.0,20,1013.3,4742.37,0
30,2021-01-31,16.4,21.8,0.0,4.0,10.3,180.0,39.0,16:39,17.8,55.0,7,135.0,13,1018.6,19.9,55,1.0,202.5,19,1017.2,4709.83,0
31,2021-01-02,13.4,20.3,0.0,7.4,1.6,180.0,33.0,21:08,16.9,76.0,7,0.0,7,1012.8,19.4,69,7.0,180.0,13,1011.9,5228.29,1
32,2021-02-02,14.5,19.3,0.0,3.0,3.4,202.5,41.0,14:52,16.7,56.0,7,180.0,15,1016.5,18.2,47,7.0,202.5,20,1017.3,5133.34,0
33,2021-03-02,13.7,25.9,0.0,5.4,13.1,135.0,33.0,16:58,16.5,66.0,5,157.5,11,1016.5,24.1,44,2.0,135.0,7,1011.1,5344.15,0
34,2021-04-02,13.5,30.6,0.0,6.6,4.1,337.5,43.0,12:58,17.3,72.0,7,45.0,7,1005.5,29.2,32,7.0,0.0,28,1002.7,6015.71,0
35,2021-05-02,17.3,29.8,0.4,7.8,8.9,337.5,52.0,10:27,24.1,62.0,7,22.5,19,1000.5,25.9,63,7.0,22.5,24,997.5,5852.98,0
36,2021-06-02,16.9,25.4,1.6,9.0,9.5,315.0,39.0,11:44,18.6,59.0,7,0.0,17,998.5,23.7,45,7.0,315.0,11,999.5,4636.36,0
37,2021-07-02,14.7,19.2,1.8,5.6,2.0,202.5,37.0,11:23,15.5,89.0,7,270.0,7,1011.5,17.4,69,7.0,180.0,17,1013.7,4573.98,0
38,2021-08-02,15.0,19.2,0.4,4.0,1.7,225.0,35.0,13:14,15.9,59.0,7,157.5,13,1017.5,18.5,60,7.0,180.0,17,1017.6,5047.36,0
39,2021-09-02,12.0,25.2,0.0,4.0,12.7,202.5,28.0,14:00,16.9,71.0,4,157.5,11,1018.4,23.3,50,1.0,202.5,13,1014.5,5511.16,1
40,2021-10-02,13.8,31.5,0.0,7.4,11.6,337.5,30.0,11:22,17.2,77.0,1,22.5,7,1015.1,28.3,43,2.0,202.5,15,1010.5,7009.15,1
41,2021-11-02,17.2,32.8,0.0,8.0,5.5,0.0,46.0,12:20,24.3,58.0,6,22.5,9,1008.7,31.8,31,7.0,0.0,22,1004.5,7153.92,1
42,2021-12-02,17.4,23.3,4.6,12.2,5.6,202.5,28.0,4:17,17.5,67.0,7,247.5,11,1006.0,21.8,51,4.0,225.0,9,1005.3,5460.87,0
43,2021-02-13,14.7,20.8,0.0,6.0,4.9,180.0,35.0,14:54,17.2,68.0,6,270.0,6,1012.8,20.3,58,7.0,180.0,15,1014.8,4729.81,0
44,2021-02-14,12.7,20.0,0.0,4.0,8.1,202.5,35.0,13:52,17.8,56.0,7,135.0,9,1019.5,19.3,58,6.0,202.5,19,1019.3,4710.32,0
45,2021-02-15,14.4,24.6,0.0,5.6,9.2,157.5,22.0,7:37,17.0,73.0,7,157.5,9,1022.0,23.0,54,7.0,202.5,11,1019.6,5719.51,0
46,2021-02-16,15.9,31.3,0.0,6.2,8.3,0.0,33.0,9:27,20.2,67.0,7,45.0,9,1021.6,30.2,32,5.0,72.5,7,1019.2,6816.18,1
47,2021-02-17,16.6,28.8,0.0,7.4,11.9,202.5,26.0,14:37,20.1,73.0,4,45.0,7,1021.7,27.1,52,1.0,225.0,7,1020.3,7230.71,1
48,2021-02-18,18.1,31.8,0.0,11.4,12.4,0.0,46.0,8:26,22.9,44.0,0,0.0,26,1022.6,30.0,32,1.0,22.5,9,1019.2,7508.61,1
49,2021-02-19,18.2,32.6,0.0,8.0,12.4,0.0,43.0,9:32,24.4,44.0,1,0.0,15,1017.3,31.2,33,3.0,0.0,22,1013.4,7804.22,1
50,2021-02-20,20.3,23.8,0.0,13.6,5.9,202.5,33.0,16:51,22.2,77.0,7, ,9,1013.2,22.0,76,4.0,202.5,11,1011.4,5984.31,0
51,2021-02-21,17.9,20.6,0.0,6.0,0.0,180.0,30.0,20:43,18.1,87.0,8,112.5,6,1011.4,19.0,75,8.0,202.5,13,1010.6,5031.1,0
52,2021-02-22,15.9,21.8,0.0,2.8,6.3,202.5,43.0,15:24,17.8,71.0,7,247.5,9,1012.3,20.4,52,7.0,180.0,17,1012.5,5100.4,0
53,2021-02-23,13.1,19.2,0.0,7.2,8.5,157.5,43.0,5:09,16.4,49.0,6,157.5,15,1018.7,18.2,45,4.0,202.5,17,1019.4,5213.07,0
54,2021-02-24,13.0,20.2,0.0,5.0,9.9,180.0,35.0,13:42,15.3,55.0,7,112.5,9,1020.5,18.5,53,7.0,202.5,19,1017.8,5459.82,0
55,2021-02-25,11.3,24.3,0.0,5.8,8.7,202.5,39.0,19:08,13.4,72.0,7,90.0,4,1012.8,23.4,37,2.0,270.0,11,1009.1,5504.37,0
56,2021-02-26,13.3,19.7,0.4,7.0,6.3,202.5,33.0,14:18,14.7,64.0,7,247.5,7,1014.5,18.6,49,5.0,180.0,17,1014.1,5401.33,1
57,2021-02-27,11.3,18.6,0.0,6.0,1.0,202.5,20.0,17:50,13.5,71.0,7,22.5,6,1013.4,17.8,62,7.0,202.5,9,1012.8,4836.05,1
58,2021-02-28,10.6,26.7,0.0,2.4,9.2,225.0,26.0,22:57,14.0,77.0,0,22.5,7,1013.4,26.1,38,5.0,225.0,9,1010.0,5197.76,0
59,2021-01-03,13.8,21.7,0.0,6.4,6.3,180.0,44.0,18:35,16.6,72.0,6,247.5,6,1012.3,19.7,67,6.0,180.0,15,1012.2,5225.37,0
60,2021-02-03,13.3,18.1,0.0,6.2,1.4,202.5,39.0,13:24,14.7,55.0,7,180.0,15,1018.1,17.0,44,7.0,202.5,15,1018.6,5459.22,0
61,2021-03-03,14.2,17.7,0.0,4.4,2.1,202.5,33.0,14:42,15.2,62.0,7,157.5,11,1020.0,17.3,54,7.0,180.0,13,1019.8,5526.41,1
62,2021-04-03,13.6,21.4,0.0,4.0,2.6,247.5,35.0,22:37,15.3,60.0,7,247.5,11,1017.2,19.0,60,7.0,202.5,7,1015.3,5528.66,0
63,2021-05-03,15.0,18.0,1.4,4.4,3.6,180.0,35.0,0:36,15.8,55.0,7,180.0,13,1015.1,17.1,53,7.0,202.5,20,1015.7,5319.54,0
64,2021-06-03,14.2,19.4,0.0,5.6,10.0,180.0,33.0,17:07,15.2,57.0,7,135.0,9,1014.8,18.3,58,2.0,180.0,17,1014.1,4839.75,0
65,2021-07-03,11.3,28.5,0.0,6.0,7.9,0.0,26.0,12:20,13.7,82.0,6,45.0,7,1012.0,27.2,29,6.0,180.0,7,1008.2,5044.14,1
66,2021-08-03,13.7,19.6,0.2,6.0,0.0,202.5,31.0,16:30,17.4,88.0,8,247.5,6,1010.4,17.5,79,8.0,202.5,4,1010.3,5266.54,1
67,2021-09-03,13.5,19.6,5.4,0.2,6.9,157.5,33.0,14:44,14.2,93.0,7,247.5,6,1017.0,18.5,63,4.0,180.0,15,1018.0,5527.62,1
68,2021-10-03,12.2,20.1,0.2,6.8,7.2,202.5,30.0,14:35,15.5,81.0,7, ,9,1021.7,19.7,58,1.0,225.0,11,1019.5,5538.74,1
69,2021-11-03,11.6,24.7,0.0,5.0,4.6,202.5,24.0,15:56,15.0,86.0,7,0.0,9,1018.6,21.0,69,7.0,225.0,9,1016.2,5626.12,1
70,2021-12-03,14.9,30.3,0.0,4.0,10.1,0.0,26.0,12:35,17.9,94.0,1,0.0,7,1016.7,29.0,36,7.0,22.5,9,1012.6,6115.65,1
71,2021-03-13,17.7,27.2,0.0,9.6,0.3,0.0,41.0,6:36,24.5,52.0,7,0.0,17,1007.4,19.0,87,8.0,225.0,6,1010.4,4898.9,0
72,2021-03-14,11.0,17.7,17.2,7.4,10.0,225.0,31.0,2:19,11.9,71.0,1,270.0,7,1021.1,17.2,49,5.0,180.0,15,1021.8,4920.14,0
73,2021-03-15,8.9,22.2,0.0,2.4,5.2,180.0,24.0,22:26,11.1,74.0,5,22.5,9,1024.8,20.3,58,7.0,180.0,7,1023.3,5619.41,0
74,2021-03-16,11.1,20.6,0.0,2.2,8.0,202.5,26.0,13:50,16.2,68.0,7,157.5,9,1026.7,19.6,62,1.0,202.5,13,1024.7,5580.93,1
75,2021-03-17,13.9,26.4,0.0,2.8,9.9,180.0,24.0,13:29,16.2,86.0,0,45.0,4,1025.1,25.4,50,2.0,202.5,9,1022.7,5765.54,1
76,2021-03-18,13.8,24.9,0.0,5.8,5.1,180.0,22.0,16:04,16.8,80.0,7,45.0,4,1025.8,24.0,59,7.0,202.5,9,1024.0,5691.57,1
77,2021-03-19,14.2,26.1,0.0,5.2,6.1,112.5,31.0,19:22,16.1,88.0,7,45.0,2,1027.2,24.3,63,3.0,202.5,11,1025.2,5467.08,1
78,2021-03-20,14.0,26.0,0.0,5.4,5.3,90.0,31.0,13:37,16.7,90.0,1, ,9,1027.4,24.0,49,7.0,112.5,13,1024.3,4748.83,0
79,2021-03-21,16.7,21.7,1.2,3.0,0.0,112.5,17.0,16:34,18.9,96.0,8,180.0,2,1022.6,21.5,86,8.0, ,13,1020.0,4958.01,1
80,2021-03-22,17.5,24.2,5.6,2.6,1.8,22.5,31.0,12:51,18.9,94.0,7,22.5,6,1018.8,21.6,72,7.0,0.0,13,1016.1,5561.02,1
81,2021-03-23,17.6,22.0,13.8,0.6,0.6,202.5,30.0,14:29,17.8,100.0,7,157.5,4,1007.6,21.0,78,7.0,202.5,11,1002.5,5618.16,1
82,2021-03-24,17.0,20.3,0.6,2.2,1.7,180.0,33.0,13:40,17.5,100.0,7,270.0,4,999.9,19.3,85,7.0,180.0,17,999.7,5549.13,1
83,2021-03-25,15.5,21.1,4.6,2.8,3.1,292.5,31.0,4:55,15.7,87.0,7,270.0,9,1005.3,19.8,52,7.0,292.5,13,1006.4,5385.08,1
84,2021-03-26,11.2,22.0,0.2,2.8,6.5,0.0,33.0,12:05,13.3,77.0,1,45.0,9,1013.7,20.4,46,7.0,337.5,17,1011.0,5651.13,1
85,2021-03-27,13.2,21.3,3.4,3.8,4.1,315.0,31.0,14:21,14.9,88.0,7,337.5,7,1010.8,19.9,44,2.0,292.5,7,1010.6,4860.61,1
86,2021-03-28,12.4,20.2,0.0,4.4,3.9,202.5,24.0,11:10,14.2,76.0,6,337.5,7,1018.8,18.3,55,7.0,202.5,9,1018.6,5019.74,1
87,2021-03-29,13.8,18.2,1.0,2.8,8.0,202.5,35.0,14:21,15.4,73.0,7,202.5,11,1024.0,17.4,55,7.0,180.0,15,1024.7,5536.91,1
88,2021-03-30,9.8,18.9,0.0,3.6,10.2,202.5,26.0,13:08,11.5,84.0,7,45.0,2,1027.1,18.5,60,1.0,202.5,11,1025.7,5826.39,1
89,2021-03-31,11.4,22.8,0.0,3.2,8.9,180.0,19.0,15:44,15.3,77.0,7, ,9,1026.6,21.0,58,1.0,180.0,7,1023.7,5769.1,1
90,2021-01-04,12.4,29.9,0.0,4.4,10.8,337.5,20.0,11:49,14.4,86.0,1,45.0,9,1024.3,28.7,30,3.0,135.0,7,1021.6,5807.02,1
91,2021-02-04,13.5,30.6,0.0,6.6,10.8,0.0,15.0,6:00,15.1,75.0,2,22.5,9,1026.2,29.3,28,0.0,202.5,9,1023.1,5439.82,1
92,2021-03-04,15.1,31.6,0.0,4.4,10.9,0.0,37.0,11:45,21.9,55.0,0,337.5,17,1022.3,30.5,32,0.0,0.0,19,1018.3,5723.27,1
93,2021-04-04,15.2,24.5,0.0,8.6,10.1,180.0,35.0,14:18,22.9,50.0,0,337.5,11,1018.5,20.0,72,1.0,180.0,15,1018.0,5014.06,1
94,2021-05-04,16.0,19.0,0.0,5.8,8.1,202.5,30.0,15:38,16.9,58.0,7,157.5,9,1022.7,18.1,58,3.0,202.5,17,1021.5,5078.44,1
95,2021-06-04,12.8,20.2,0.0,4.0,4.4,202.5,26.0,12:38,16.2,64.0,7,135.0,9,1023.7,19.6,59,6.0,202.5,11,1021.5,5573.79,1
96,2021-07-04,14.9,23.0,0.0,3.2,4.9,202.5,20.0,16:55,15.8,82.0,8, ,9,1020.2,21.6,61,1.0,202.5,9,1015.8,5876.07,1
97,2021-08-04,15.4,29.3,0.0,4.6,4.9,337.5,43.0,14:36,20.5,73.0,1,0.0,9,1011.0,28.9,25,7.0,337.5,17,1005.0,5978.02,1
98,2021-09-04,13.8,17.3,6.2,6.4,7.9,180.0,35.0,3:11,15.2,59.0,5,270.0,13,1010.0,15.7,62,6.0,180.0,17,1009.6,5688.63,1
99,2021-10-04,12.9,18.3,0.2,2.8,3.9,247.5,54.0,14:43,14.1,71.0,6,292.5,11,1007.9,15.4,53,7.0,225.0,17,1008.0,5366.73,1
100,2021-11-04,8.1,14.5,3.4,5.2,6.1,180.0,56.0,12:02,9.8,75.0,4,292.5,11,1014.8,14.1,56,5.0,202.5,19,1016.9,5829.16,1
101,2021-12-04,9.7,16.8,10.0,3.2,3.9,270.0,28.0,2:30,11.7,95.0,6,292.5,6,1023.7,16.0,65,6.0,202.5,11,1021.8,6415.58,1
102,2021-04-13,7.8,20.0,0.6,0.0,2.5,0.0,59.0,15:18,11.5,81.0,7,22.5,9,1018.8,18.5,46,7.0,0.0,28,1011.6,5990.97,0
103,2021-04-14,11.5,20.8,0.0,7.8,6.8,0.0,43.0,1:40,18.0,46.0,1,315.0,13,1010.9,20.1,46,7.0,247.5,11,1011.1,5731.88,1
104,2021-04-15,14.0,20.2,0.0,7.4,5.4,225.0,39.0,14:25,15.8,52.0,3,292.5,11,1016.2,15.7,71,7.0,292.5,6,1015.3,5936.95,1
105,2021-04-16,11.5,15.1,1.0,4.2,1.3,202.5,24.0,10:53,12.3,75.0,7,22.5,6,1024.2,14.5,56,7.0,180.0,7,1023.9,6202.21,1
106,2021-04-17,12.3,17.7,0.0,3.2,3.7,157.5,22.0,14:57,14.2,50.0,7,270.0,9,1025.6,16.7,50,7.0,180.0,13,1024.0,5450.82,1
107,2021-04-18,13.1,18.8,0.0,3.2,0.7,337.5,20.0,11:20,14.9,77.0,7,315.0,2,1023.5,17.5,64,7.0,180.0,2,1020.3,5572.65,1
108,2021-04-19,12.0,20.6,0.0,2.8,2.3,315.0,30.0,13:27,15.3,64.0,6,0.0,9,1018.4,18.9,47,6.0,337.5,15,1014.1,5937.22,1
109,2021-04-20,14.0,18.7,0.0,5.6,1.9,202.5,44.0,19:42,16.3,53.0,5,0.0,9,1011.0,11.4,88,7.0,270.0,6,1011.0,6632.03,1
110,2021-04-21,7.1,14.9,10.4,0.2,7.7,0.0,19.0,23:00,10.0,65.0,1,315.0,2,1019.2,14.2,48,6.0,180.0,7,1015.4,6539.68,1
111,2021-04-22,9.9,17.0,0.0,4.0,1.6,247.5,30.0,16:15,13.4,62.0,7,337.5,13,1013.3,16.8,46,7.0,292.5,9,1012.0,6464.1,1
112,2021-04-23,12.1,17.3,0.4,3.0,2.0,247.5,31.0,9:24,14.7,66.0,7,270.0,11,1018.6,16.4,51,7.0,247.5,9,1018.5,6154.8,1
113,2021-04-24,13.1,18.3,0.0,3.2,1.8,315.0,30.0,13:06,15.1,56.0,7,337.5,15,1023.2,17.3,58,7.0,157.5,2,1021.8,5763.75,1
114,2021-04-25,9.9,17.8,2.6,1.2,3.6,202.5,24.0,19:10,12.8,83.0,6,0.0,2,1027.0,16.0,70,7.0,202.5,4,1025.2,5835.47,1
115,2021-04-26,10.9,17.9,1.2,2.2,0.8,202.5,20.0,10:50,13.6,83.0,7,225.0,6,1027.9,16.1,68,7.0,180.0,9,1027.1,6436.32,1
116,2021-04-27,11.8,16.6,0.6,2.0,0.9,270.0,19.0,8:57,13.4,87.0,7,247.5,9,1029.5,16.3,73,7.0,202.5,11,1026.7,6487.76,1
117,2021-04-28,7.4,16.9,0.4,3.0,9.5,202.5,22.0,15:03,12.3,87.0,1, ,9,1026.4,14.8,70,5.0,180.0,13,1023.9,6461.27,1
118,2021-04-29,8.2,18.4,0.0,2.2,9.9,202.5,17.0,13:44,12.0,83.0,1, ,9,1025.1,17.5,66,2.0,202.5,9,1022.9,6405.5,1
119,2021-04-30,9.5,24.4,0.0,0.0,10.2,0.0,30.0,12:05,12.5,83.0,1,22.5,13,1027.0,23.9,32,0.0,0.0,15,1024.0,5887.34,1
120,2021-01-05,11.2,24.6,0.0,5.4,7.1,0.0,33.0,12:48,14.9,63.0,3,22.5,9,1027.3,24.2,35,7.0,0.0,17,1024.4,5261.09,1
121,2021-02-05,13.7,26.0,0.0,6.4,3.8,0.0,39.0,14:18,17.5,59.0,7,22.5,7,1023.3,25.3,36,2.0,0.0,20,1018.9,5289.07,1
122,2021-03-05,12.5,18.2,0.2,6.8,0.8,180.0,28.0,18:35,15.0,80.0,7,225.0,7,1019.6,17.0,74,7.0,202.5,9,1017.6,6183.0,1
123,2021-04-05,9.4,15.5,30.8,4.6,0.1,180.0,39.0,14:46,12.0,100.0,7, ,9,1019.9,14.4,78,8.0,180.0,19,1021.5,6663.33,1
124,2021-05-05,7.2,17.3,0.0,0.8,9.1,202.5,30.0,12:37,12.2,83.0,1, ,9,1026.0,17.0,52,5.0,202.5,9,1023.4,6389.08,1
125,2021-06-05,7.6,22.2,0.0,2.0,8.4,157.5,19.0,0:01,10.8,83.0,1,45.0,6,1021.6,21.6,56,1.0,292.5,2,1016.8,6342.41,1
126,2021-07-05,10.5,21.5,0.2,2.4,3.6,45.0,15.0,6:35,13.9,91.0,4,0.0,7,1014.8,20.2,37,6.0, ,13,1011.3,5957.64,1
127,2021-08-05,9.9,19.8,0.0,2.8,5.1,225.0,24.0,16:55,15.1,76.0,2,270.0,4,1013.9,17.3,69,7.0,202.5,6,1013.4,5517.34,1
128,2021-09-05,11.0,20.5,0.4,0.0,7.1,315.0,28.0,13:06,13.7,97.0,6, ,9,1018.4,19.5,45,3.0,292.5,6,1014.9,5222.89,1
129,2021-10-05,11.7,16.9,0.2,3.8,0.5,0.0,41.0,13:18,14.3,68.0,7,0.0,19,1010.2,16.2,56,7.0,337.5,13,1007.6,6352.55,1
130,2021-11-05,10.7,16.3,15.8,2.8,0.1,180.0,41.0,4:50,12.2,100.0,8,202.5,9,1018.7,15.7,71,7.0,135.0,17,1021.3,6578.07,1
131,2021-12-05,7.3,18.5,0.8,2.6,8.8,157.5,24.0,3:04,11.0,84.0,3,22.5,7,1024.8,17.9,52,1.0, ,13,1019.6,6406.0,1
132,2021-05-13,8.1,17.6,0.0,1.2,1.0,337.5,39.0,11:57,14.0,65.0,7,0.0,15,1012.5,13.1,90,8.0,315.0,9,1011.1,6679.05,1
133,2021-05-14,7.8,15.6,4.2,2.4,4.5,270.0,35.0,11:04,11.5,71.0,3,315.0,11,1014.5,13.5,67,3.0,247.5,6,1013.6,6493.23,1
134,2021-05-15,7.3,12.9,7.4,2.4,7.5,202.5,54.0,4:25,8.6,72.0,4,270.0,13,1018.1,11.9,59,6.0,202.5,11,1020.5,6319.27,1
135,2021-05-16,8.3,15.5,0.2,3.0,3.2,315.0,35.0,14:15,10.3,67.0,6,0.0,11,1021.8,14.5,59,7.0,315.0,11,1019.1,6066.36,1
136,2021-05-17,10.2,15.4,0.4,0.6,7.1,225.0,30.0,1:39,11.8,85.0,2,247.5,9,1024.7,14.2,53,6.0,202.5,11,1025.4,6856.41,1
137,2021-05-18,10.0,16.0,0.0,1.8,0.7,315.0,20.0,11:17,11.4,77.0,7,45.0,9,1029.1,15.6,57,7.0,337.5,6,1026.5,6809.87,1
138,2021-05-19,9.8,18.5,0.0,3.6,6.7,0.0,39.0,14:45,12.5,70.0,2,0.0,15,1027.6,17.9,45,7.0,337.5,13,1024.3,6450.43,1
139,2021-05-20,12.0,17.0,0.0,4.0,0.2,0.0,37.0,1:01,12.7,62.0,7,0.0,17,1025.8,16.7,55,7.0,225.0,4,1026.3,6763.11,1
140,2021-05-21,6.2,17.7,0.0,1.6,8.9,22.5,15.0,8:39,7.2,100.0,1,22.5,11,1031.9,16.4,44,1.0,202.5,7,1028.6,6736.74,1
141,2021-05-22,3.6,19.2,0.0,3.0,9.3,0.0,35.0,12:19,6.8,77.0,1,22.5,7,1027.0,18.9,36,0.0,0.0,13,1023.6,6108.91,1
142,2021-05-23,6.1,20.2,0.0,3.4,8.8,337.5,24.0,13:50,8.7,78.0,3,22.5,11,1027.4,20.1,42,3.0,22.5,13,1024.9,5999.22,1
143,2021-05-24,6.8,19.9,0.0,2.6,4.8,45.0,31.0,12:40,10.7,73.0,7,45.0,9,1027.4,18.4,47,6.0,0.0,13,1023.4,6354.64,1
144,2021-05-25,10.6,20.9,0.0,5.6,3.2,0.0,57.0,12:48,18.4,50.0,6,22.5,20,1015.3,15.5,76,8.0,0.0,22,1009.6,6347.45,1
145,2021-05-26,11.9,14.7,5.0,3.4,1.4,292.5,39.0,5:45,13.1,60.0,7,292.5,11,1016.9,13.9,53,7.0,270.0,11,1019.7,6801.36,1
146,2021-05-27,9.8,15.0,0.4,1.6,0.6,270.0,33.0,14:15,11.3,94.0,7,202.5,4,1025.9,14.2,73,7.0,247.5,11,1025.3,6551.0,1
147,2021-05-28,11.0,13.8,0.4,0.4,0.5,180.0,39.0,7:07,12.2,60.0,7,180.0,15,1031.8,12.7,59,7.0,180.0,11,1032.4,6887.79,1
148,2021-05-29,10.4,13.1,0.0,2.0,4.1,157.5,26.0,14:41,11.3,58.0,7,157.5,6,1034.2,12.7,55,5.0,180.0,13,1032.3,6441.38,1
150,2021-05-31,3.0,16.1,0.0,2.2,9.1,22.5,31.0,15:39,5.7,76.0,0,22.5,11,1025.2,15.7,48,2.0,22.5,17,1021.6,7042.12,1
151,2021-01-06,5.7,15.7,0.0,4.0,1.3,0.0,39.0,11:32,9.2,60.0,8,22.5,13,1020.8,15.3,48,7.0,0.0,17,1019.4,6945.56,1
152,2021-02-06,9.2,19.6,0.0,3.2,7.7,337.5,33.0,13:14,12.4,63.0,1,0.0,9,1018.8,19.0,44,5.0,0.0,11,1015.2,6564.7,1
153,2021-03-06,10.4,16.9,0.2,3.4,7.5,0.0,24.0,1:09,12.2,93.0,2,45.0,7,1015.1,16.7,62,5.0,202.5,9,1012.9,6421.12,1
154,2021-04-06,10.0,13.6,2.0,1.2,2.0,180.0,37.0,15:23,10.9,81.0,3,225.0,7,1017.0,11.9,66,7.0,270.0,7,1018.5,6934.53,1
155,2021-05-06,3.8,12.9,0.0,1.4,3.5,0.0,52.0,14:43,6.7,74.0,7,0.0,11,1021.4,12.0,57,7.0,0.0,26,1017.6,6484.85,1
156,2021-06-06,6.7,14.7,0.0,2.6,4.2,0.0,39.0,12:17,11.0,81.0,7,0.0,17,1022.2,13.6,73,5.0,0.0,17,1019.9,6192.29,1
157,2021-07-06,10.7,17.2,0.0,1.0,2.6,0.0,59.0,14:39,12.5,73.0,7,0.0,22,1016.7,16.5,55,7.0,0.0,28,1009.3,6614.71,1
158,2021-08-06,9.3,13.2,3.0,4.8,2.3,0.0,48.0,0:39,9.3,89.0,7,22.5,9,1005.0,11.1,72,7.0,270.0,11,1004.8,7228.52,1
159,2021-09-06,7.8,14.7,4.0,1.6,0.5,180.0,67.0,23:47,9.7,83.0,7,202.5,4,1010.7,12.3,86,8.0,180.0,20,1008.8,7224.91,1
160,2021-10-06,9.7,15.1,12.0,3.6,0.3,180.0,67.0,0:33,14.5,78.0,8,157.5,30,1009.5,14.3,71,7.0,112.5,11,1009.8,6516.17,1
161,2021-11-06,6.8,15.0,0.4,0.4,1.3,292.5,22.0,23:37,7.9,100.0,7,0.0,6,1016.0,14.6,80,7.0,202.5,7,1013.7,6784.83,1
162,2021-12-06,7.4,16.5,9.4,0.4,1.0,292.5,33.0,12:32,12.7,85.0,7,292.5,7,1014.4,15.5,61,7.0,270.0,11,1014.0,6062.58,1
163,2021-06-13,10.9,15.9,0.0,1.4,0.7,337.5,17.0,10:49,11.7,86.0,7, ,9,1018.8,14.3,69,7.0,180.0,6,1016.8,6112.1,1
164,2021-06-14,9.7,16.4,0.0,1.4,1.6,112.5,15.0,16:16,11.0,89.0,7,22.5,7,1018.0,15.9,57,6.0,157.5,6,1015.5,6366.51,1
165,2021-06-15,7.0,15.6,0.0,0.8,0.0,0.0,24.0,17:27,8.5,89.0,7,22.5,7,1017.5,15.0,60,7.0,22.5,9,1014.5,6927.87,1
166,2021-06-16,8.3,16.0,1.8,2.2,2.9,337.5,41.0,12:56,11.5,88.0,7,22.5,13,1011.4,15.4,60,7.0,0.0,15,1008.1,7031.11,1
167,2021-06-17,7.8,12.9,0.8,1.0,2.6,0.0,20.0,7:03,9.4,83.0,7,0.0,9,1010.5,12.4,70,7.0,0.0,4,1008.8,7286.57,1
168,2021-06-18,6.1,13.2,1.6,1.8,0.1,202.5,26.0,13:15,9.4,100.0,7,180.0,2,1012.6,12.5,98,7.0,202.5,9,1014.4,6838.24,1
169,2021-06-19,9.1,16.2,2.2,1.6,4.0,135.0,28.0,10:38,11.4,100.0,7,180.0,6,1024.5,13.4,86,6.0,202.5,13,1025.1,6263.41,1
170,2021-06-20,5.2,14.5,0.0,0.0,6.9,135.0,20.0,10:40,9.1,100.0,1,90.0,4,1027.8,13.8,69,2.0, ,13,1025.4,6628.57,1
171,2021-06-21,3.9,15.4,0.2,0.4,9.1,0.0,26.0,12:22,6.3,94.0,1,45.0,7,1028.7,14.6,51,1.0,0.0,15,1025.8,7247.87,1
172,2021-06-22,3.7,16.3,0.0,2.0,1.9,22.5,28.0,13:37,5.6,91.0,7,22.5,6,1029.6,14.4,56,7.0,22.5,13,1026.2,7162.85,1
173,2021-06-23,5.6,15.3,0.0,2.7,2.1,0.0,46.0,10:33,13.9,63.0,8,0.0,9,1019.4,14.8,67,7.0,0.0,17,1012.5,7077.89,1
174,2021-06-24,9.8,16.7,0.0,1.0,5.2,0.0,41.0,12:07,12.6,85.0,1,0.0,6,1007.2,15.3,54,7.0,0.0,17,1004.9,6787.77,1
175,2021-06-25,10.6,13.2,0.6,2.4,0.3,0.0,37.0,0:05,11.0,88.0,7,0.0,13,1010.3,12.6,94,7.0, ,13,1011.1,6855.19,1
176,2021-06-26,10.0,13.4,5.6,0.2,4.6,337.5,28.0,22:26,10.5,79.0,3,270.0,9,1019.9,12.4,56,3.0,247.5,9,1020.1,6404.33,1
177,2021-06-27,9.7,15.3,0.0,2.4,4.9,337.5,26.0,1:43,10.9,81.0,5,0.0,11,1025.9,13.6,75,5.0,202.5,9,1027.0,6381.64,1
178,2021-06-28,6.4,15.1,0.0,1.4,9.0,337.5,24.0,12:27,7.8,97.0,1,22.5,7,1032.8,14.6,53,1.0,22.5,9,1031.0,7214.06,1
179,2021-06-29,4.2,16.7,0.0,2.2,8.8,337.5,43.0,14:12,6.8,88.0,1,45.0,2,1032.5,16.2,55,2.0,0.0,19,1029.4,6950.26,1
180,2021-06-30,5.5,16.9,0.0,1.2,6.8,0.0,39.0,14:04,11.3,79.0,1,22.5,9,1026.8,16.8,57,1.0,0.0,19,1022.6,6648.79,1
181,2021-01-07,10.5,17.2,0.0,1.4,8.9,337.5,35.0,12:17,12.3,86.0,1,0.0,11,1022.3,16.6,58,1.0,0.0,20,1019.1,6752.13,1
182,2021-02-07,9.7,14.5,0.2,2.8,1.7,0.0,43.0,15:02,12.7,83.0,6,0.0,9,1014.6,14.4,72,7.0,0.0,22,1010.4,6851.32,1
183,2021-03-07,6.6,10.6,6.6,2.8,4.5,0.0,43.0,13:45,7.9,75.0,5,0.0,19,1016.3,9.8,63,5.0,337.5,22,1014.9,6972.85,1
184,2021-04-07,6.5,13.1,0.2,1.2,3.5,337.5,46.0,14:32,7.7,79.0,3,0.0,20,1016.4,12.2,67,7.0,315.0,17,1015.3,6849.08,1
185,2021-05-07,4.6,13.1,0.4,1.6,1.9,202.5,22.0,12:47,6.8,82.0,7,45.0,9,1022.7,12.7,66,7.0,225.0,7,1021.5,7629.77,1
186,2021-06-07,6.7,13.2,0.0,1.0,0.6,315.0,20.0,3:16,8.7,74.0,7,0.0,9,1023.4,12.9,55,7.0,337.5,11,1022.2,7281.69,1
190,2021-10-07,3.2,14.2,0.0,0.8,6.6,45.0,15.0,10:33,5.0,100.0,7,22.5,6,1024.4,12.1,80,1.0,202.5,9,1024.4,6825.14,1
191,2021-11-07,5.0,16.1,0.0,0.8,5.7,0.0,43.0,13:34,6.5,100.0,3,22.5,13,1025.9,14.4,52,7.0,0.0,20,1022.2,6511.44,1
192,2021-12-07,5.9,16.1,0.0,3.0,5.1,0.0,50.0,12:55,11.4,71.0,7,0.0,13,1018.1,15.8,44,1.0,0.0,24,1013.6,7095.0,1
193,2021-07-13,8.9,14.4,0.4,2.4,2.4,0.0,37.0,11:20,10.7,84.0,7,0.0,11,1014.2,13.8,69,7.0,0.0,19,1011.7,7174.57,1
194,2021-07-14,9.8,13.9,2.2,3.0,0.5,0.0,44.0,5:56,10.3,84.0,7,0.0,13,1005.0,13.4,73,7.0,0.0,24,1000.8,7175.95,1
195,2021-07-15,10.0,17.1,3.0,1.6,7.0,0.0,43.0,12:40,12.3,84.0,5,0.0,17,1000.0,16.4,67,4.0,0.0,22,996.6,6715.55,1
196,2021-07-16,10.9,15.2,0.2,0.8,2.4,337.5,41.0,12:08,11.1,75.0,7,0.0,17,989.7,13.8,60,5.0,292.5,6,989.0,6745.77,1
197,2021-07-17,7.6,13.7,0.2,2.8,0.8,337.5,33.0,7:56,8.7,67.0,7,0.0,13,992.8,13.2,66,7.0,270.0,11,996.7,6486.18,1
198,2021-07-18,8.5,14.2,4.2,1.0,3.0,292.5,28.0,1:03,10.4,83.0,3,315.0,9,1014.5,13.0,65,7.0,225.0,7,1015.1,6759.22,1
199,2021-07-19,9.1,13.0,0.0,1.8,2.9,337.5,31.0,14:00,10.4,72.0,7,0.0,13,1016.2,12.2,72,7.0,0.0,11,1012.5,7130.82,1
200,2021-07-20,9.9,11.4,0.6,2.2,0.3,225.0,54.0,17:18,10.8,80.0,7,0.0,13,1005.2,8.6,86,8.0,202.5,13,1007.4,7556.79,1
201,2021-07-21,6.5,13.6,10.8,1.6,2.8,247.5,31.0,0:37,8.9,80.0,7,270.0,6,1020.5,12.0,69,6.0,247.5,7,1019.0,7391.37,1
202,2021-07-22,5.1,11.8,0.6,2.6,0.1,337.5,46.0,14:11,7.8,88.0,7,0.0,17,1015.8,10.5,66,7.0,0.0,22,1010.7,7536.62,1
203,2021-07-23,7.8,11.3,0.0,0.6,1.5,0.0,31.0,1:36,8.2,80.0,7,0.0,7,1006.8,10.9,64,7.0,0.0,13,1003.6,7329.83,1
204,2021-07-24,7.5,14.4,0.0,1.4,3.4,337.5,48.0,14:46,9.5,78.0,7,0.0,19,998.2,13.9,53,5.0,337.5,19,995.3,6492.94,1
205,2021-07-25,5.8,13.0,0.8,3.6,7.2,337.5,48.0,14:35,8.1,60.0,1,315.0,19,1003.6,12.5,47,7.0,315.0,13,1004.8,6817.65,1
206,2021-07-26,8.1,16.4,0.0,1.0,2.9,337.5,43.0,10:41,12.4,75.0,7,0.0,13,1010.9,15.8,62,7.0,337.5,20,1009.7,6763.92,1
207,2021-07-27,10.1,17.1,0.0,3.4,4.3,0.0,67.0,21:40,11.1,67.0,2,0.0,19,1011.1,16.4,48,7.0,0.0,26,1003.7,6646.82,1
208,2021-07-28,11.1,16.8,0.0,5.4,4.7,337.5,50.0,5:28,14.3,70.0,6,0.0,13,998.2,12.0,65,7.0,292.5,11,998.4,7125.58,1
209,2021-07-29,6.7,15.4,0.8,3.4,7.8,337.5,41.0,14:41,8.7,67.0,6,337.5,19,1013.5,14.9,52,1.0,337.5,17,1013.5,6990.16,1
210,2021-07-30,8.0,14.9,0.0,2.6,6.4,0.0,61.0,22:32,9.9,59.0,1,22.5,19,1015.1,13.6,49,7.0,0.0,26,1011.0,6684.48,1
211,2021-07-31,9.9,18.1,0.0,7.0,6.3,0.0,54.0,1:23,13.1,54.0,1,0.0,20,1006.1,17.1,48,6.0,0.0,22,1002.0,6018.75,1
212,2021-01-08,8.0,15.7,18.0,6.8,9.0,337.5,30.0,12:08,11.1,72.0,1,315.0,9,1010.6,14.6,42,3.0,270.0,9,1011.5,6526.06,1
213,2021-02-08,6.5,15.4,0.0,2.8,9.1,0.0,50.0,13:45,10.2,67.0,1,22.5,15,1016.2,15.2,43,3.0,337.5,24,1011.5,6914.27,1
214,2021-03-08,8.7,14.5,4.8,2.6,4.1,337.5,35.0,12:23,10.6,77.0,2,0.0,9,1008.1,13.3,53,6.0,292.5,15,1007.7,7197.61,1
215,2021-04-08,7.8,14.5,0.6,1.8,3.4,247.5,31.0,12:09,10.2,78.0,7,270.0,11,1016.0,14.3,67,7.0,270.0,9,1015.5,6831.32,1
216,2021-05-08,9.8,15.8,0.4,1.6,3.9,292.5,31.0,14:49,11.8,80.0,7,292.5,11,1021.7,15.2,63,7.0,270.0,15,1020.1,6416.19,1
217,2021-06-08,10.7,14.2,0.2,2.2,0.6,337.5,28.0,20:22,12.1,74.0,7,292.5,9,1024.5,13.9,60,8.0,315.0,13,1023.1,6650.37,1
218,2021-07-08,10.5,15.5,0.0,1.6,2.4,315.0,30.0,6:10,11.2,75.0,7,315.0,11,1026.9,13.2,75,7.0,202.5,11,1026.4,6419.69,1
219,2021-08-08,5.8,16.4,0.6,1.2,5.5,0.0,17.0,8:51,7.2,100.0,1,0.0,11,1032.6,14.6,58,7.0,180.0,6,1029.3,6477.76,1
220,2021-09-08,7.1,16.4,0.0,2.8,2.7,0.0,30.0,13:56,9.1,82.0,7,22.5,9,1028.1,15.1,60,6.0,337.5,19,1023.3,6675.69,1
221,2021-10-08,9.1,17.7,0.0,2.4,8.1,0.0,52.0,11:11,12.4,77.0,6,0.0,19,1022.4,17.5,45,6.0,0.0,24,1017.9,6234.67,1
222,2021-11-08,12.4,19.2,0.0,7.0,3.6,337.5,54.0,13:44,14.4,47.0,5,0.0,28,1012.2,16.7,44,8.0,292.5,17,1009.8,6687.69,1
223,2021-12-08,8.1,16.6,2.8,4.4,4.7,337.5,31.0,10:24,10.6,71.0,7,0.0,11,1025.2,15.4,50,7.0,270.0,13,1024.3,6537.7,1
224,2021-08-13,8.1,17.6,0.0,1.2,10.1,315.0,33.0,13:04,11.8,73.0,1,0.0,15,1026.9,17.1,44,3.0,270.0,9,1025.1,6300.74,1
225,2021-08-14,6.9,18.4,0.0,3.4,7.8,337.5,31.0,15:01,10.9,78.0,1,0.0,11,1028.7,17.3,41,6.0,292.5,13,1025.1,6049.06,1
226,2021-08-15,10.1,19.0,0.0,3.0,9.1,337.5,54.0,13:07,12.1,63.0,3,0.0,17,1024.1,18.3,31,2.0,270.0,22,1019.2,5661.48,1
227,2021-08-16,11.0,14.4,0.2,6.6,2.8,292.5,44.0,12:45,12.2,70.0,7,292.5,13,1022.8,14.2,62,7.0,247.5,17,1022.8,6595.54,1
228,2021-08-17,9.8,13.9,0.4,2.0,3.3,202.5,30.0,11:13,11.0,87.0,7,270.0,9,1025.5,12.7,79,7.0,180.0,15,1024.8,6849.04,1
229,2021-08-18,7.6,15.5,0.6,1.8,1.8,0.0,24.0,14:41,10.4,82.0,7,315.0,9,1026.0,15.1,53,7.0,0.0,13,1021.9,6788.59,1
230,2021-08-19,8.2,17.4,0.0,2.6,8.3,0.0,31.0,15:18,11.6,72.0,5,0.0,13,1023.3,16.7,50,2.0,0.0,17,1019.3,6344.8,1
231,2021-08-20,8.7,17.3,0.8,3.6,3.2,0.0,50.0,14:27,11.3,80.0,6,22.5,11,1016.7,16.7,51,3.0,0.0,28,1012.1,6331.48,1
232,2021-08-21,10.6,20.0,1.0,3.6,10.2,315.0,33.0,11:24,13.9,64.0,0,337.5,13,1015.3,18.9,44,4.0,315.0,13,1013.8,5705.47,1
233,2021-08-22,11.3,22.2,0.0,4.0,10.6,0.0,57.0,14:54,14.6,62.0,1,0.0,20,1014.5,21.6,37,1.0,337.5,37,1007.8,5325.33,1
234,2021-08-23,10.8,14.3,0.8,7.0,5.4,315.0,50.0,0:12,11.2,67.0,3,247.5,11,1011.1,11.7,54,5.0,247.5,9,1012.2,6708.96,1
235,2021-08-24,6.4,13.1,10.4,4.0,6.2,180.0,39.0,9:38,10.8,53.0,7,157.5,17,1021.5,11.7,55,6.0,180.0,17,1021.6,6717.65,1
236,2021-08-25,8.0,14.1,2.2,1.2,5.4,180.0,37.0,16:26,12.1,73.0,3,157.5,15,1023.3,13.4,59,6.0,202.5,17,1021.8,6736.8,1
237,2021-08-26,5.5,12.9,1.2,2.4,1.0,135.0,31.0,12:54,9.2,82.0,7, ,9,1022.7,12.2,55,7.0,157.5,13,1020.3,7126.76,1
238,2021-08-27,4.6,13.6,0.0,1.2,3.8,202.5,15.0,12:18,7.7,88.0,7, ,9,1020.0,12.8,65,7.0,157.5,7,1017.4,6769.89,1
239,2021-08-28,5.3,17.8,0.0,1.6,9.6,0.0,39.0,13:14,9.1,80.0,1,0.0,7,1018.6,17.4,31,3.0,337.5,24,1013.5,5716.32,1
240,2021-08-29,9.1,16.2,0.6,6.4,4.3,22.5,33.0,1:50,10.6,79.0,7,0.0,13,1011.4,12.8,84,7.0,180.0,6,1010.4,6227.89,1
241,2021-08-30,6.4,17.6,4.0,1.4,7.4,337.5,50.0,14:04,11.1,70.0,7,0.0,15,1016.1,16.8,45,1.0,337.5,28,1013.2,6072.91,1
